flower-vending-machines	24-7-self-service-flower-vending-machine-refrigerated-fresh-cut-flowers-anytim	/uploads/24_7_self_service_flower_vending_machine_refrigerated_fresh_cut_flowers_anytim_cover_abc9d9c18f_ec0e7d25ed.webp	["/uploads/24_7_self_service_flower_vending_machine_refrigerated_fresh_cut_flowers_anytim_gallery_1_bf32d78a45_d1d6c2d3c2.webp", "/uploads/24_7_self_service_flower_vending_machine_refrigerated_fresh_cut_flowers_anytim_gallery_2_28c24bf4f7_7388f7828a.webp", "/uploads/24_7_self_service_flower_vending_machine_refrigerated_fresh_cut_flowers_anytim_gallery_3_5657705abd_a3609cfdb1.webp", "/uploads/24_7_self_service_flower_vending_machine_refrigerated_fresh_cut_flowers_anytim_gallery_4_d9aae3cda9_e8f7a33826.webp", "/uploads/24_7_self_service_flower_vending_machine_refrigerated_fresh_cut_flowers_anytim_gallery_5_1c20f0fe8f_8164f02bcb.webp", "/uploads/24_7_self_service_flower_vending_machine_refrigerated_fresh_cut_flowers_anytim_gallery_6_f0d7a7319f_e7c06af199.webp", "/uploads/24_7_self_service_flower_vending_machine_refrigerated_fresh_cut_flowers_anytim_gallery_7_8f2dedb182_bd64a05a7e.webp", "/uploads/24_7_self_service_flower_vending_machine_refrigerated_fresh_cut_flowers_anytim_gallery_8_463de70deb_fb385ad4d4.webp", "/uploads/24_7_self_service_flower_vending_machine_refrigerated_fresh_cut_flowers_anytim_gallery_9_6497c4fb5e_89132962e3.webp", "/uploads/24_7_self_service_flower_vending_machine_refrigerated_fresh_cut_flowers_anytim_gallery_10_67289067c4_ce334532c4.webp"]	https://vod.site.joinf.com/5218418803719614/s4NnKWC83x.mp4	outdoor flower vending machine	FOB	1 set	800 set / Month	China	35 Days	Discover our 24/7 refrigerated flower vending machine – the perfect solution for florists, parks, subways, and public spaces. Keep fresh cut flowers available anytime with smart self-service technology and advanced cooling to ensure long-lasting freshness.	Discover our 24/7 refrigerated flower vending machine – the perfect solution for florists, parks, subways, and public spaces. Keep fresh cut flowers available anytime with smart self-service technology and advanced cooling to ensure long-lasting freshness.	["Discover our 24/7 refrigerated flower vending machine – the perfect solution for florists, parks, subways, and public spaces"]	[["Model NO.", "outdoor flower vending machine"], ["Delivery", "FOB"], ["Minimum order quantity", "1 set"], ["Supply Ability", "800 set / Month"], ["Country of Origin", "China"], ["Stock Time", "35 Days"]]	Micron Vending	https://www.micronvending.com/product-Self-Service-Flower-Vending-Machine-Refrigerated-Fresh-Cut-Flowers-Anytim.html
flower-vending-machines	24-hours-cooling-fresh-flower-vending-machine-for-store	/uploads/24_hours_cooling_fresh_flower_vending_machine_for_store_cover_abc9d9c18f_28aab9de3e.webp	["/uploads/24_hours_cooling_fresh_flower_vending_machine_for_store_gallery_1_bf32d78a45_2329125769.webp", "/uploads/24_hours_cooling_fresh_flower_vending_machine_for_store_gallery_2_28c24bf4f7_426780b348.webp", "/uploads/24_hours_cooling_fresh_flower_vending_machine_for_store_gallery_3_5657705abd_3def4ec468.webp", "/uploads/24_hours_cooling_fresh_flower_vending_machine_for_store_gallery_4_d9aae3cda9_9a1d61e268.webp", "/uploads/24_hours_cooling_fresh_flower_vending_machine_for_store_gallery_5_1c20f0fe8f_d8721c6ede.webp", "/uploads/24_hours_cooling_fresh_flower_vending_machine_for_store_gallery_6_f0d7a7319f_3c3ba45b78.webp", "/uploads/24_hours_cooling_fresh_flower_vending_machine_for_store_gallery_7_8f2dedb182_de90019f50.webp", "/uploads/24_hours_cooling_fresh_flower_vending_machine_for_store_gallery_8_463de70deb_75c6331d90.webp", "/uploads/24_hours_cooling_fresh_flower_vending_machine_for_store_gallery_9_6497c4fb5e_a9f5e02778.webp", "/uploads/24_hours_cooling_fresh_flower_vending_machine_for_store_gallery_10_67289067c4_7fc16f5c62.webp"]	https://vod.site.joinf.com/5009640932269608/eeZcNHhNzx.mp4	Flower plant vending locker		1 set	1500.0 set / Month	Guangzhou		The flower vending machine has 22-inch touch screen, card reader, it is user-friendly and easy to navigate. The cooling system ensures flowers fresh	The flower vending machine has 22-inch touch screen, card reader, it is user-friendly and easy to navigate. The cooling system ensures flowers fresh	["The cooling system ensures flowers fresh", "The flower vending machine has 22-inch touch screen, card reader, it is user-friendly and easy to navigate"]	[["Model NO.", "Flower plant vending locker"], ["Minimum order quantity", "1 set"], ["Supply Ability", "1500.0 set / Month"], ["Country of Origin", "Guangzhou"]]	Micron Vending	https://www.micronvending.com/micron-cooling-refrigerator-combo-machine-for-fresh-flower-vending-machine-in-unmanned-self-service-store.html
flower-vending-machines	bouquet-flower-vending-machine-with-cooling-air-keep-fresh	/uploads/bouquet_flower_vending_machine_with_cooling_air_keep_fresh_cover_abc9d9c18f_163736f1da.webp	["/uploads/bouquet_flower_vending_machine_with_cooling_air_keep_fresh_gallery_1_bf32d78a45_93e5db76bf.webp", "/uploads/bouquet_flower_vending_machine_with_cooling_air_keep_fresh_gallery_2_28c24bf4f7_469a0e7685.webp", "/uploads/bouquet_flower_vending_machine_with_cooling_air_keep_fresh_gallery_3_5657705abd_2a64d8151c.webp", "/uploads/bouquet_flower_vending_machine_with_cooling_air_keep_fresh_gallery_4_d9aae3cda9_d04cff9331.webp", "/uploads/bouquet_flower_vending_machine_with_cooling_air_keep_fresh_gallery_5_1c20f0fe8f_97ab90897d.webp", "/uploads/bouquet_flower_vending_machine_with_cooling_air_keep_fresh_gallery_6_f0d7a7319f_d90d94ffac.webp", "/uploads/bouquet_flower_vending_machine_with_cooling_air_keep_fresh_gallery_7_8f2dedb182_e2b880b2c8.webp", "/uploads/bouquet_flower_vending_machine_with_cooling_air_keep_fresh_gallery_8_463de70deb_a4b25e4632.webp", "/uploads/bouquet_flower_vending_machine_with_cooling_air_keep_fresh_gallery_9_6497c4fb5e_ca9e06904e.webp", "/uploads/bouquet_flower_vending_machine_with_cooling_air_keep_fresh_gallery_10_67289067c4_c704a9eb86.webp"]		Fresh bouquet flower vending machine						Get fresh flowers anytime with our Micron Cooling Fresh Bouquet Vending Machine. Equipped with a 21.5-inch touch screen and Nayax card reader, customizing your floral bouquet has never been easier!	Get fresh flowers anytime with our Micron Cooling Fresh Bouquet Vending Machine. Equipped with a 21.5-inch touch screen and Nayax card reader, customizing your floral bouquet has never been easier!	["Get fresh flowers anytime with our Micron Cooling Fresh Bouquet Vending Machine", "Equipped with a 21.5-inch touch screen and Nayax card reader, customizing your floral bouquet has never been easier!"]	[["Model NO.", "Fresh bouquet flower vending machine"]]	Micron Vending	https://www.micronvending.com/Micron-cooling-fresh-bouquet-flower-vending-machine-with-21.5-inch-touch-screen-and-nayax-card-reader.html
flower-vending-machines	cooling-fresh-flower-vending-machine-for-sale-in-singapore	/uploads/cooling_fresh_flower_vending_machine_for_sale_in_singapore_cover_abc9d9c18f_2fa5822180.webp	["/uploads/cooling_fresh_flower_vending_machine_for_sale_in_singapore_gallery_1_bf32d78a45_24c3c2e2cf.webp", "/uploads/cooling_fresh_flower_vending_machine_for_sale_in_singapore_gallery_2_28c24bf4f7_cb9aa6ff74.webp", "/uploads/cooling_fresh_flower_vending_machine_for_sale_in_singapore_gallery_3_5657705abd_13f892dde2.webp", "/uploads/cooling_fresh_flower_vending_machine_for_sale_in_singapore_gallery_4_d9aae3cda9_fb6ac977bd.webp", "/uploads/cooling_fresh_flower_vending_machine_for_sale_in_singapore_gallery_5_1c20f0fe8f_eb0c691abe.webp", "/uploads/cooling_fresh_flower_vending_machine_for_sale_in_singapore_gallery_6_f0d7a7319f_ed304a227f.webp", "/uploads/cooling_fresh_flower_vending_machine_for_sale_in_singapore_gallery_7_8f2dedb182_6bfd089cbc.webp", "/uploads/cooling_fresh_flower_vending_machine_for_sale_in_singapore_gallery_8_463de70deb_ef22e317a5.webp", "/uploads/cooling_fresh_flower_vending_machine_for_sale_in_singapore_gallery_9_6497c4fb5e_be77d7fa42.webp", "/uploads/cooling_fresh_flower_vending_machine_for_sale_in_singapore_gallery_10_67289067c4_9faae20f65.webp"]		Flower vending locker		1 set	1500.0 set / Month	Guangzhou		The flower vending machine has 22-inch touch screen, card reader, it is user-friendly and easy to navigate. The cooling system ensures flowers fresh	The flower vending machine has 22-inch touch screen, card reader, it is user-friendly and easy to navigate. The cooling system ensures flowers fresh	["The cooling system ensures flowers fresh", "The flower vending machine has 22-inch touch screen, card reader, it is user-friendly and easy to navigate"]	[["Model NO.", "Flower vending locker"], ["Minimum order quantity", "1 set"], ["Supply Ability", "1500.0 set / Month"], ["Country of Origin", "Guangzhou"]]	Micron Vending	https://www.micronvending.com/micron-bouquet-flower-vending-machine-for-sale-in-Singapore.html
flower-vending-machines	double-sided-transparent-flower-locker-vending-machine-with-21-5-inch-screen-for-airports	/uploads/double_sided_transparent_flower_locker_vending_machine_with_21_5_inch_screen_for_airports_abc9d9c18f_48f3b4de96.webp	["/uploads/double_sided_transparent_flower_locker_vending_machine_with_21_5_inch_screen_for_airports_bf32d78a45_a11615604f.webp", "/uploads/double_sided_transparent_flower_locker_vending_machine_with_21_5_inch_screen_for_airports_28c24bf4f7_a228742492.webp", "/uploads/double_sided_transparent_flower_locker_vending_machine_with_21_5_inch_screen_for_airports_5657705abd_5ee3ff121b.webp", "/uploads/double_sided_transparent_flower_locker_vending_machine_with_21_5_inch_screen_for_airports_d9aae3cda9_6f955fd29b.webp", "/uploads/double_sided_transparent_flower_locker_vending_machine_with_21_5_inch_screen_for_airports_1c20f0fe8f_84326d0cc8.webp", "/uploads/double_sided_transparent_flower_locker_vending_machine_with_21_5_inch_screen_for_airports_f0d7a7319f_a0d3432bf3.webp", "/uploads/double_sided_transparent_flower_locker_vending_machine_with_21_5_inch_screen_for_airports_8f2dedb182_6da687f6f6.webp", "/uploads/double_sided_transparent_flower_locker_vending_machine_with_21_5_inch_screen_for_airports_463de70deb_51b3ef02b1.webp", "/uploads/double_sided_transparent_flower_locker_vending_machine_with_21_5_inch_screen_for_airports_6497c4fb5e_33b966ca13.webp", "/uploads/double_sided_transparent_flower_locker_vending_machine_with_21_5_inch_screen_for_airports_67289067c4_3c4a581758.webp"]		Transparent Flower Vending Machine		1 unit	800 unit / Month	China	60 Days	Discover our double-sided transparent flower locker vending machine with 21.5-inch advertising screen, 4–20°C refrigeration, pickup code pre-order, expiry management and 24/7 self-service operation — built for airports, railway stations, hospitals and shopping malls.	Discover our double-sided transparent flower locker vending machine with 21.5-inch advertising screen, 4–20°C refrigeration, pickup code pre-order, expiry management and 24/7 self-service operation — built for airports, railway stations, hospitals and shopping malls.	[]	[["Model NO.", "Transparent Flower Vending Machine"], ["Minimum order quantity", "1 unit"], ["Supply Ability", "800 unit / Month"], ["Country of Origin", "China"], ["Stock Time", "60 Days"]]	Micron Vending	https://www.micronvending.com/double-sided-transparent-flower-locker-vending-machine-with-21.5-inch-side-screen-for-airports-railway-stations-hospitals-and-shopping-malls.html
flower-vending-machines	flower-shop-fresh-bouquet-flower-gift-vending-machine	/uploads/flower_shop_fresh_bouquet_flower_gift_vending_machine_cover_abc9d9c18f_3910185cd2.webp	["/uploads/flower_shop_fresh_bouquet_flower_gift_vending_machine_gallery_1_bf32d78a45_5344509004.webp", "/uploads/flower_shop_fresh_bouquet_flower_gift_vending_machine_gallery_2_28c24bf4f7_c6563491ff.webp", "/uploads/flower_shop_fresh_bouquet_flower_gift_vending_machine_gallery_3_5657705abd_3798c46f93.webp", "/uploads/flower_shop_fresh_bouquet_flower_gift_vending_machine_gallery_4_d9aae3cda9_420bdc29e4.webp", "/uploads/flower_shop_fresh_bouquet_flower_gift_vending_machine_gallery_5_1c20f0fe8f_e40ce526c9.webp", "/uploads/flower_shop_fresh_bouquet_flower_gift_vending_machine_gallery_6_f0d7a7319f_ec5db8baa9.webp", "/uploads/flower_shop_fresh_bouquet_flower_gift_vending_machine_gallery_7_8f2dedb182_859f08ea88.webp", "/uploads/flower_shop_fresh_bouquet_flower_gift_vending_machine_gallery_8_463de70deb_98655669f7.webp", "/uploads/flower_shop_fresh_bouquet_flower_gift_vending_machine_gallery_9_6497c4fb5e_18a2180d36.webp", "/uploads/flower_shop_fresh_bouquet_flower_gift_vending_machine_gallery_10_67289067c4_cc59cda017.webp"]	https://vod.site.joinf.com/5218418803719614/xkxSt3Adcy.mp4	Flower gift locker vending machine	FOB	1 set	1500 set / Month	China	35 Days	Flower and Gift Vending Machine, refrigerated locker vending machine for flowers and bouquets, ambient locker vending machine for gift toys dolls	Flower and Gift Vending Machine, refrigerated locker vending machine for flowers and bouquets, ambient locker vending machine for gift toys dolls	["Flower and Gift Vending Machine, refrigerated locker vending machine for flowers and bouquets, ambient locker vending machine for gift toys dolls"]	[["Model NO.", "Flower gift locker vending machine"], ["Delivery", "FOB"], ["Minimum order quantity", "1 set"], ["Supply Ability", "1500 set / Month"], ["Country of Origin", "China"], ["Stock Time", "35 Days"]]	Micron Vending	https://www.micronvending.com/flower-shop-fresh-bouquet-flower-gift-vending-machine.html
flower-vending-machines	flower-vending-machine-with-cooling-system-and-card-reader	/uploads/flower_vending_machine_with_cooling_system_and_card_reader_cover_8bf24f82d3_52d3bb4283.png	["/uploads/flower_vending_machine_with_cooling_system_and_card_reader_gallery_4_abc9d9c18f_fe5825b938.webp", "/uploads/flower_vending_machine_with_cooling_system_and_card_reader_gallery_5_bf32d78a45_13c4feee63.webp", "/uploads/flower_vending_machine_with_cooling_system_and_card_reader_gallery_6_28c24bf4f7_df2d79f0a8.webp", "/uploads/flower_vending_machine_with_cooling_system_and_card_reader_gallery_7_5657705abd_3ad9f8c6ca.webp", "/uploads/flower_vending_machine_with_cooling_system_and_card_reader_gallery_8_d9aae3cda9_08a1f07443.webp", "/uploads/flower_vending_machine_with_cooling_system_and_card_reader_gallery_9_1c20f0fe8f_3d3bf18dbe.webp", "/uploads/flower_vending_machine_with_cooling_system_and_card_reader_gallery_10_f0d7a7319f_7a8e2770bc.webp"]	https://vod.site.joinf.com/5009640932269608/TDCF2r5DcN.mp4	Flower cooling locker vending machine		1 set	1500.0 set / Month	Guangzhou	35 Days	Keep your flowers fresh while you sell them with our innovative vending machine with a cooling locker. Locker size is customizable, and you can sell bouquets too.	Keep your flowers fresh while you sell them with our innovative vending machine with a cooling locker. Locker size is customizable, and you can sell bouquets too.	["Keep your flowers fresh while you sell them with our innovative vending machine with a cooling locker", "Locker size is customizable, and you can sell bouquets too"]	[["Model NO.", "Flower cooling locker vending machine"], ["Minimum order quantity", "1 set"], ["Supply Ability", "1500.0 set / Month"], ["Country of Origin", "Guangzhou"], ["Stock Time", "35 Days"]]	Micron Vending	https://www.micronvending.com/cooling-locker-flower-vending-machine-22-inch-touch-screen.html
flower-vending-machines	flower-vending-machine-with-large-capacity-custom-lockers-and-touch-screen	/uploads/flower_vending_machine_with_large_capacity_custom_lockers_and_touch_screen_cover_abc9d9c18f_3eb4acc3b6.webp	["/uploads/flower_vending_machine_with_large_capacity_custom_lockers_and_touch_screen_gallery_1_bf32d78a45_e0f9754ee8.webp", "/uploads/flower_vending_machine_with_large_capacity_custom_lockers_and_touch_screen_gallery_2_28c24bf4f7_8554b756b9.webp", "/uploads/flower_vending_machine_with_large_capacity_custom_lockers_and_touch_screen_gallery_3_5657705abd_78524262da.webp", "/uploads/flower_vending_machine_with_large_capacity_custom_lockers_and_touch_screen_gallery_4_d9aae3cda9_a0801af904.webp", "/uploads/flower_vending_machine_with_large_capacity_custom_lockers_and_touch_screen_gallery_5_1c20f0fe8f_f521a32497.webp", "/uploads/flower_vending_machine_with_large_capacity_custom_lockers_and_touch_screen_gallery_6_f0d7a7319f_4aa45bdb28.webp", "/uploads/flower_vending_machine_with_large_capacity_custom_lockers_and_touch_screen_gallery_7_8f2dedb182_3c738b4049.webp", "/uploads/flower_vending_machine_with_large_capacity_custom_lockers_and_touch_screen_gallery_8_463de70deb_9a0e435c6e.webp", "/uploads/flower_vending_machine_with_large_capacity_custom_lockers_and_touch_screen_gallery_9_6497c4fb5e_d674f8c3fd.webp", "/uploads/flower_vending_machine_with_large_capacity_custom_lockers_and_touch_screen_gallery_10_67289067c4_0d04a37312.webp"]	https://vod.site.joinf.com/5009640932269608/nrWz2xYsA8.mp4	flower locker vending machine	FOB	1 set	30 set / Month	Guangzhou	30 Days	This flower locker vending machine features spacious, customizable lockers and a user-friendly touchscreen interface for seamless transactions.Equipped with large-capacity lockers, this vending machine allows for safe and convenient storage of flowers, while the integrated touchscreen enhances customer interaction	This flower locker vending machine features spacious, customizable lockers and a user-friendly touchscreen interface for seamless transactions.Equipped with large-capacity lockers, this vending machine allows for safe and convenient storage of flowers, while the integrated touchscreen enhances customer interaction	[]	[["Model NO.", "flower locker vending machine"], ["Delivery", "FOB"], ["Minimum order quantity", "1 set"], ["Supply Ability", "30 set / Month"], ["Country of Origin", "Guangzhou"], ["Stock Time", "30 Days"]]	Micron Vending	https://www.micronvending.com/flower-vending-machine-with-large-capacity-custom-lockers-and-touch-screen.html
flower-vending-machines	fresh-cut-flowers-24-7-refrigerated-flower-vending-machine-anytime	/uploads/fresh_cut_flowers_24_7_refrigerated_flower_vending_machine_anytime_cover_abc9d9c18f_996c352884.webp	["/uploads/fresh_cut_flowers_24_7_refrigerated_flower_vending_machine_anytime_gallery_1_bf32d78a45_25513c1681.webp", "/uploads/fresh_cut_flowers_24_7_refrigerated_flower_vending_machine_anytime_gallery_2_28c24bf4f7_9db3adc1cb.webp", "/uploads/fresh_cut_flowers_24_7_refrigerated_flower_vending_machine_anytime_gallery_3_5657705abd_35b844d989.webp", "/uploads/fresh_cut_flowers_24_7_refrigerated_flower_vending_machine_anytime_gallery_4_d9aae3cda9_34d87c6f7c.webp", "/uploads/fresh_cut_flowers_24_7_refrigerated_flower_vending_machine_anytime_gallery_5_1c20f0fe8f_b1ebac6276.webp", "/uploads/fresh_cut_flowers_24_7_refrigerated_flower_vending_machine_anytime_gallery_6_f0d7a7319f_9874ed856a.webp", "/uploads/fresh_cut_flowers_24_7_refrigerated_flower_vending_machine_anytime_gallery_7_8f2dedb182_09a9d00004.webp", "/uploads/fresh_cut_flowers_24_7_refrigerated_flower_vending_machine_anytime_gallery_8_463de70deb_4e59995049.webp", "/uploads/fresh_cut_flowers_24_7_refrigerated_flower_vending_machine_anytime_gallery_9_6497c4fb5e_672c80a063.webp", "/uploads/fresh_cut_flowers_24_7_refrigerated_flower_vending_machine_anytime_gallery_10_67289067c4_353cd8fc0e.webp"]	https://vod.site.joinf.com/5218418803719614/s4NnKWC83x.mp4	New flower vending machine	FOB	1 set	800 set / Month	China	35 Days	Discover our 24/7 refrigerated flower vending machine – the perfect solution for florists, parks, subways, and public spaces. Keep fresh cut flowers available anytime with smart self-service technology and advanced cooling to ensure long-lasting freshness.	Discover our 24/7 refrigerated flower vending machine – the perfect solution for florists, parks, subways, and public spaces. Keep fresh cut flowers available anytime with smart self-service technology and advanced cooling to ensure long-lasting freshness.	["Discover our 24/7 refrigerated flower vending machine – the perfect solution for florists, parks, subways, and public spaces"]	[["Model NO.", "New flower vending machine"], ["Delivery", "FOB"], ["Minimum order quantity", "1 set"], ["Supply Ability", "800 set / Month"], ["Country of Origin", "China"], ["Stock Time", "35 Days"]]	Micron Vending	https://www.micronvending.com/product-Fresh-Cut-Flowers-Refrigerated-Flower-Vending-Machine-Anytime.html
flower-vending-machines	fresh-flower-vending-machine-24-7-smart-locker-vending-machine	/uploads/fresh_flower_vending_machine_24_7_smart_locker_vending_machine_cover_abc9d9c18f_db61cc9036.webp	["/uploads/fresh_flower_vending_machine_24_7_smart_locker_vending_machine_gallery_1_bf32d78a45_7c304cb6a0.webp", "/uploads/fresh_flower_vending_machine_24_7_smart_locker_vending_machine_gallery_2_28c24bf4f7_6bca5d19e3.webp", "/uploads/fresh_flower_vending_machine_24_7_smart_locker_vending_machine_gallery_3_5657705abd_ebc8955db4.webp", "/uploads/fresh_flower_vending_machine_24_7_smart_locker_vending_machine_gallery_4_d9aae3cda9_dedcc36359.webp", "/uploads/fresh_flower_vending_machine_24_7_smart_locker_vending_machine_gallery_5_1c20f0fe8f_41f9d5e203.webp", "/uploads/fresh_flower_vending_machine_24_7_smart_locker_vending_machine_gallery_6_f0d7a7319f_584032eff0.webp", "/uploads/fresh_flower_vending_machine_24_7_smart_locker_vending_machine_gallery_7_8f2dedb182_a26e2356df.webp", "/uploads/fresh_flower_vending_machine_24_7_smart_locker_vending_machine_gallery_8_463de70deb_d5f06c3b16.webp", "/uploads/fresh_flower_vending_machine_24_7_smart_locker_vending_machine_gallery_9_6497c4fb5e_7d4f4c472b.webp", "/uploads/fresh_flower_vending_machine_24_7_smart_locker_vending_machine_gallery_10_67289067c4_cf13bc6b98.webp"]		Locker Flower Vending Machine		1 unit	800 unit / Month	China	60 Days	Maximize floral retail profits 24/7. Our cooled flower vending machine features smart pickup codes, expiry tracking, and a premium locker vending machine design.	Maximize floral retail profits 24/7. Our cooled flower vending machine features smart pickup codes, expiry tracking, and a premium locker vending machine design.	["Maximize floral retail profits 24/7", "Our cooled flower vending machine features smart pickup codes, expiry tracking, and a premium locker vending machine design"]	[["Model NO.", "Locker Flower Vending Machine"], ["Minimum order quantity", "1 unit"], ["Supply Ability", "800 unit / Month"], ["Country of Origin", "China"], ["Stock Time", "60 Days"]]	Micron Vending	https://www.micronvending.com/Fresh-Flower-Vending-Machine-24-7-Smart-Locker-Vending-Machine-for-Florists.html
flower-vending-machines	fully-transparent-double-door-automatic-flower-vending-machine-with-card-reader	/uploads/fully_transparent_double_door_automatic_flower_vending_machine_with_card_reader_cover_abc9d9c18f_45d0203868.webp	["/uploads/fully_transparent_double_door_automatic_flower_vending_machine_with_card_reader_gallery_1_bf32d78a45_fff253f93c.webp", "/uploads/fully_transparent_double_door_automatic_flower_vending_machine_with_card_reader_gallery_2_28c24bf4f7_235a01b157.webp", "/uploads/fully_transparent_double_door_automatic_flower_vending_machine_with_card_reader_gallery_3_5657705abd_d30e2f897d.webp", "/uploads/fully_transparent_double_door_automatic_flower_vending_machine_with_card_reader_gallery_4_d9aae3cda9_59e86369f6.webp", "/uploads/fully_transparent_double_door_automatic_flower_vending_machine_with_card_reader_gallery_5_1c20f0fe8f_77af284850.webp", "/uploads/fully_transparent_double_door_automatic_flower_vending_machine_with_card_reader_gallery_6_f0d7a7319f_953be9460c.webp", "/uploads/fully_transparent_double_door_automatic_flower_vending_machine_with_card_reader_gallery_7_8f2dedb182_57d760d6a9.webp", "/uploads/fully_transparent_double_door_automatic_flower_vending_machine_with_card_reader_gallery_8_463de70deb_7f7b4f47cf.webp", "/uploads/fully_transparent_double_door_automatic_flower_vending_machine_with_card_reader_gallery_9_6497c4fb5e_64f1e49b95.webp", "/uploads/fully_transparent_double_door_automatic_flower_vending_machine_with_card_reader_gallery_10_67289067c4_ac11cf4137.webp"]	https://vod.site.joinf.com/5009640932269608/cJ7rxAshSR.mp4	airport flower vending machine​	FOB	1 set	800 sets set / Month	China	35-50 Days	WEIMI large capacity airport flower vending machine​ for various fresh flowers bouquets, 5-20℃ constant temperature, keeps flowers fresh and moist; smart vending system helps to manage fresh flowers' shelf life.	WEIMI large capacity airport flower vending machine​ for various fresh flowers bouquets, 5-20℃ constant temperature, keeps flowers fresh and moist; smart vending system helps to manage fresh flowers' shelf life.	[]	[["Model NO.", "airport flower vending machine​"], ["Delivery", "FOB"], ["Minimum order quantity", "1 set"], ["Supply Ability", "800 sets set / Month"], ["Country of Origin", "China"], ["Stock Time", "35-50 Days"]]	Micron Vending	https://www.micronvending.com/product-Fully-transparent-double-door-automatic-flower-vending-machine-with-card-reader.html
flower-vending-machines	semi-circular-flower-vending-machine-for-sale-refrigerated-locker-vending-machine	/uploads/semi_circular_flower_vending_machine_for_sale_refrigerated_locker_vending_machine_cover_abc9d9c18f_3610199089.webp	["/uploads/semi_circular_flower_vending_machine_for_sale_refrigerated_locker_vending_machine_gallery_bf32d78a45_169906ab13.webp", "/uploads/semi_circular_flower_vending_machine_for_sale_refrigerated_locker_vending_machine_gallery_28c24bf4f7_67d37c4032.webp", "/uploads/semi_circular_flower_vending_machine_for_sale_refrigerated_locker_vending_machine_gallery_5657705abd_49b18060cc.webp", "/uploads/semi_circular_flower_vending_machine_for_sale_refrigerated_locker_vending_machine_gallery_d9aae3cda9_32b01c8c02.webp", "/uploads/semi_circular_flower_vending_machine_for_sale_refrigerated_locker_vending_machine_gallery_1c20f0fe8f_6d15ca599b.webp", "/uploads/semi_circular_flower_vending_machine_for_sale_refrigerated_locker_vending_machine_gallery_f0d7a7319f_d200dbb226.webp", "/uploads/semi_circular_flower_vending_machine_for_sale_refrigerated_locker_vending_machine_gallery_8f2dedb182_c144b24266.webp", "/uploads/semi_circular_flower_vending_machine_for_sale_refrigerated_locker_vending_machine_gallery_463de70deb_4a92da908f.webp", "/uploads/semi_circular_flower_vending_machine_for_sale_refrigerated_locker_vending_machine_gallery_6497c4fb5e_748686f5e4.webp", "/uploads/semi_circular_flower_vending_machine_for_sale_refrigerated_locker_vending_machine_gallery_67289067c4_e723f725a9.webp"]		Semi-Circular Flower Vending Machine		1 unit	800 unit / Month	China	45-60 Days	Discover a semi-circular flower vending machine for sale with refrigerated locker system, pickup code collection, shelf life management, and customizable branding for 24/7 flower retail.	Discover a semi-circular flower vending machine for sale with refrigerated locker system, pickup code collection, shelf life management, and customizable branding for 24/7 flower retail.	[]	[["Model NO.", "Semi-Circular Flower Vending Machine"], ["Minimum order quantity", "1 unit"], ["Supply Ability", "800 unit / Month"], ["Country of Origin", "China"], ["Stock Time", "45-60 Days"]]	Micron Vending	https://www.micronvending.com/semi-circular-flower-vending-machine-for-sale-with-refrigerated-locker-system.html
flower-vending-machines	smart-flower-vending-machine-with-refrigerated-ambient-lockers	/uploads/smart_flower_vending_machine_with_refrigerated_ambient_lockers_cover_abc9d9c18f_51c2aa3193.webp	["/uploads/smart_flower_vending_machine_with_refrigerated_ambient_lockers_gallery_1_bf32d78a45_91bd02eb79.webp", "/uploads/smart_flower_vending_machine_with_refrigerated_ambient_lockers_gallery_2_28c24bf4f7_220bb2a5f4.webp", "/uploads/smart_flower_vending_machine_with_refrigerated_ambient_lockers_gallery_3_5657705abd_b1172b8499.webp", "/uploads/smart_flower_vending_machine_with_refrigerated_ambient_lockers_gallery_4_d9aae3cda9_36d2212328.webp", "/uploads/smart_flower_vending_machine_with_refrigerated_ambient_lockers_gallery_5_1c20f0fe8f_60b77c37fc.webp", "/uploads/smart_flower_vending_machine_with_refrigerated_ambient_lockers_gallery_6_f0d7a7319f_2e941f1608.webp", "/uploads/smart_flower_vending_machine_with_refrigerated_ambient_lockers_gallery_7_8f2dedb182_d4dd104aac.webp", "/uploads/smart_flower_vending_machine_with_refrigerated_ambient_lockers_gallery_8_463de70deb_dc2d837a28.webp", "/uploads/smart_flower_vending_machine_with_refrigerated_ambient_lockers_gallery_9_6497c4fb5e_94fec1bb71.webp", "/uploads/smart_flower_vending_machine_with_refrigerated_ambient_lockers_gallery_10_67289067c4_a13beb46a4.webp"]	https://vod.site.joinf.com/5009640932269608/s3APNbhCry.mp4	Smart Flower vending machine	FOB	1 set	1500 set / Month	China	35 Days	Sell fresh flowers and gifts anytime with a smart vending machine featuring refrigerated and ambient lockers. Perfect for malls, hotels, wedding venues, and retail spaces. Remote control and contactless pickup supported.	Sell fresh flowers and gifts anytime with a smart vending machine featuring refrigerated and ambient lockers. Perfect for malls, hotels, wedding venues, and retail spaces. Remote control and contactless pickup supported.	["Sell fresh flowers and gifts anytime with a smart vending machine featuring refrigerated and ambient lockers", "Remote control and contactless pickup supported"]	[["Model NO.", "Smart Flower vending machine"], ["Delivery", "FOB"], ["Minimum order quantity", "1 set"], ["Supply Ability", "1500 set / Month"], ["Country of Origin", "China"], ["Stock Time", "35 Days"]]	Micron Vending	https://www.micronvending.com/smart-flower-vending-machine-with-refrigerated-ambient-lockers.html
pet-vending-stations	affordable-self-service-dog-wash-stations-for-pet-washing-businesses	/uploads/affordable_self_service_dog_wash_stations_for_pet_washing_businesses_cover_abc9d9c18f_4042cfa81b.webp	["/uploads/affordable_self_service_dog_wash_stations_for_pet_washing_businesses_gallery_1_bf32d78a45_414e4cba9f.webp", "/uploads/affordable_self_service_dog_wash_stations_for_pet_washing_businesses_gallery_2_28c24bf4f7_66a5651433.webp", "/uploads/affordable_self_service_dog_wash_stations_for_pet_washing_businesses_gallery_3_5657705abd_5098565c7a.webp", "/uploads/affordable_self_service_dog_wash_stations_for_pet_washing_businesses_gallery_4_d9aae3cda9_67555ed828.webp", "/uploads/affordable_self_service_dog_wash_stations_for_pet_washing_businesses_gallery_5_1c20f0fe8f_ab50dc9cfa.webp", "/uploads/affordable_self_service_dog_wash_stations_for_pet_washing_businesses_gallery_6_f0d7a7319f_dda08ba231.webp", "/uploads/affordable_self_service_dog_wash_stations_for_pet_washing_businesses_gallery_7_8f2dedb182_508aec1d34.webp", "/uploads/affordable_self_service_dog_wash_stations_for_pet_washing_businesses_gallery_8_463de70deb_c924a32ab4.webp", "/uploads/affordable_self_service_dog_wash_stations_for_pet_washing_businesses_gallery_9_6497c4fb5e_f553232690.webp", "/uploads/affordable_self_service_dog_wash_stations_for_pet_washing_businesses_gallery_10_67289067c4_5a2f47faa5.webp"]	https://vod.site.joinf.com/5218418803719614/hAc3YanSiY.mp4	self dog washing machine	FOB	1 set	800 set / Month	China	45 Days	Boost your business with our self-service dog washing station. Featuring a smart backend, flexible payments, and advanced hygiene features. Perfect for parks, gas stations, and pet-friendly locations.	Boost your business with our self-service dog washing station. Featuring a smart backend, flexible payments, and advanced hygiene features. Perfect for parks, gas stations, and pet-friendly locations.	["Boost your business with our self-service dog washing station", "Featuring a smart backend, flexible payments, and advanced hygiene features"]	[["Model NO.", "self dog washing machine"], ["Delivery", "FOB"], ["Minimum order quantity", "1 set"], ["Supply Ability", "800 set / Month"], ["Country of Origin", "China"], ["Stock Time", "45 Days"]]	Micron Vending	https://www.micronvending.com/affordable-self-service-dog-wash-stations-for-pet-washing-businesses-in-france.html
pet-vending-stations	commercial-self-service-dog-wash-machine-for-pet-shops-communities	/uploads/commercial_self_service_dog_wash_machine_for_pet_shops_communities_cover_abc9d9c18f_2bbdfca381.webp	["/uploads/commercial_self_service_dog_wash_machine_for_pet_shops_communities_gallery_1_bf32d78a45_3ce017c25e.webp", "/uploads/commercial_self_service_dog_wash_machine_for_pet_shops_communities_gallery_2_28c24bf4f7_a373f106a9.webp", "/uploads/commercial_self_service_dog_wash_machine_for_pet_shops_communities_gallery_3_5657705abd_5db870232c.webp", "/uploads/commercial_self_service_dog_wash_machine_for_pet_shops_communities_gallery_4_d9aae3cda9_437efc2caf.webp", "/uploads/commercial_self_service_dog_wash_machine_for_pet_shops_communities_gallery_5_1c20f0fe8f_431abf9917.webp", "/uploads/commercial_self_service_dog_wash_machine_for_pet_shops_communities_gallery_6_f0d7a7319f_cfebc9efe3.webp", "/uploads/commercial_self_service_dog_wash_machine_for_pet_shops_communities_gallery_7_8f2dedb182_2ccab61d53.webp", "/uploads/commercial_self_service_dog_wash_machine_for_pet_shops_communities_gallery_8_463de70deb_e5eecc673c.webp", "/uploads/commercial_self_service_dog_wash_machine_for_pet_shops_communities_gallery_9_6497c4fb5e_134ed8e2ac.webp", "/uploads/commercial_self_service_dog_wash_machine_for_pet_shops_communities_gallery_10_67289067c4_ccc424f3df.webp"]		Dog Wash Station	DDP, CIF, FOB, EXW	1 unit	800 unit / Month	China	45 Days	Commercial self-service dog wash machine designed for pet shops, grooming salons, and residential communities. Reduce labor costs and create new revenue with automated wash programs.	Commercial self-service dog wash machine designed for pet shops, grooming salons, and residential communities. Reduce labor costs and create new revenue with automated wash programs.	["Commercial self-service dog wash machine designed for pet shops, grooming salons, and residential communities"]	[["Model NO.", "Dog Wash Station"], ["Delivery", "DDP, CIF, FOB, EXW"], ["Minimum order quantity", "1 unit"], ["Supply Ability", "800 unit / Month"], ["Country of Origin", "China"], ["Stock Time", "45 Days"]]	Micron Vending	https://www.micronvending.com/Self-Service-Dog-Wash-Machine-for-Pet-Shops-Grooming-Salons-Residential-Communities.html
pet-vending-stations	hygienic-convenient-self-service-dog-wash-machine	/uploads/hygienic_convenient_self_service_dog_wash_machine_cover_abc9d9c18f_aed162eaaf.webp	["/uploads/hygienic_convenient_self_service_dog_wash_machine_gallery_1_bf32d78a45_2eddcf2194.webp", "/uploads/hygienic_convenient_self_service_dog_wash_machine_gallery_2_28c24bf4f7_7dec792e05.webp", "/uploads/hygienic_convenient_self_service_dog_wash_machine_gallery_3_5657705abd_41972052bf.webp", "/uploads/hygienic_convenient_self_service_dog_wash_machine_gallery_4_d9aae3cda9_f859d6039c.webp", "/uploads/hygienic_convenient_self_service_dog_wash_machine_gallery_5_1c20f0fe8f_bb28591a1d.webp", "/uploads/hygienic_convenient_self_service_dog_wash_machine_gallery_6_f0d7a7319f_06ff13a67c.webp", "/uploads/hygienic_convenient_self_service_dog_wash_machine_gallery_7_8f2dedb182_91941fb909.webp", "/uploads/hygienic_convenient_self_service_dog_wash_machine_gallery_8_463de70deb_69f0cb21ec.webp", "/uploads/hygienic_convenient_self_service_dog_wash_machine_gallery_9_6497c4fb5e_b42a06aa10.webp", "/uploads/hygienic_convenient_self_service_dog_wash_machine_gallery_10_67289067c4_0b8c3bda48.webp"]	https://vod.site.joinf.com/5218418803719614/hAc3YanSiY.mp4	self serve dog washing machine	FOB	1 set	800 set / Month	China	45 Days	Smart self-service pet washing vending machine with touch screen, card and coin payment, and SDK integration for easy, hygienic, and profitable operation.	Smart self-service pet washing vending machine with touch screen, card and coin payment, and SDK integration for easy, hygienic, and profitable operation.	["Smart self-service pet washing vending machine with touch screen, card and coin payment, and SDK integration for easy, hygienic, and profitable operation", "Smart self-service pet washing vending machine with touch screen, card and coin payment, and SDK integration for easy, hygienic, and profitable operation", "Smart self-service pet washing vending machine with touch screen, card and coin payment, and SDK integration for easy, hygienic, and profitable operation"]	[["Model NO.", "self serve dog washing machine"], ["Delivery", "FOB"], ["Minimum order quantity", "1 set"], ["Supply Ability", "800 set / Month"], ["Country of Origin", "China"], ["Stock Time", "45 Days"]]	Micron Vending	https://www.micronvending.com/product-Affordable-Self-Service-Dog-Wash-Machine-Hygienic-Convenient-Smart-Solutions-Pet-Washing-Businesses.html
pet-vending-stations	outdoor-self-service-dog-wash-machine-for-parks-communities-gas-stations	/uploads/outdoor_self_service_dog_wash_machine_for_parks_communities_gas_stations_cover_abc9d9c18f_00ebb749b4.webp	["/uploads/outdoor_self_service_dog_wash_machine_for_parks_communities_gas_stations_gallery_1_bf32d78a45_8f3f3cbeee.webp", "/uploads/outdoor_self_service_dog_wash_machine_for_parks_communities_gas_stations_gallery_2_28c24bf4f7_41897a6d91.webp", "/uploads/outdoor_self_service_dog_wash_machine_for_parks_communities_gas_stations_gallery_3_5657705abd_6c298d5801.webp", "/uploads/outdoor_self_service_dog_wash_machine_for_parks_communities_gas_stations_gallery_4_d9aae3cda9_ad0b594870.webp", "/uploads/outdoor_self_service_dog_wash_machine_for_parks_communities_gas_stations_gallery_5_1c20f0fe8f_fa87804282.webp", "/uploads/outdoor_self_service_dog_wash_machine_for_parks_communities_gas_stations_gallery_6_f0d7a7319f_6f9070c21c.webp", "/uploads/outdoor_self_service_dog_wash_machine_for_parks_communities_gas_stations_gallery_7_8f2dedb182_93b24b3797.webp", "/uploads/outdoor_self_service_dog_wash_machine_for_parks_communities_gas_stations_gallery_8_463de70deb_962eca0660.webp", "/uploads/outdoor_self_service_dog_wash_machine_for_parks_communities_gas_stations_gallery_9_6497c4fb5e_db8c2bc596.webp", "/uploads/outdoor_self_service_dog_wash_machine_for_parks_communities_gas_stations_gallery_10_67289067c4_44bcc547d3.webp"]		Outdoor Self-service Dog Wash Machine		1 unit	800 unit / Month	China	45 Days	Commercial outdoor self service dog wash machine designed with a weatherproof stainless steel structure. Ideal for parks, communities, and gas stations, featuring waterproof touch screen, automatic disinfection, adjustable hot water, and multi-liquid system for unattended operation.	Commercial outdoor self service dog wash machine designed with a weatherproof stainless steel structure. Ideal for parks, communities, and gas stations, featuring waterproof touch screen, automatic disinfection, adjustable hot water, and multi-liquid system for unattended operation.	["Commercial outdoor self service dog wash machine designed with a weatherproof stainless steel structure"]	[["Model NO.", "Outdoor Self-service Dog Wash Machine"], ["Minimum order quantity", "1 unit"], ["Supply Ability", "800 unit / Month"], ["Country of Origin", "China"], ["Stock Time", "45 Days"]]	Micron Vending	https://www.micronvending.com/outdoor-self-service-dog-wash-machine-designed-for-outdoor-placement-with-weatherproof-structure.html
pet-vending-stations	pet-grooming-supplies-locker-vending-machine-for-shampoo-towels-care-products	/uploads/pet_grooming_supplies_locker_vending_machine_for_shampoo_towels_care_products_cover_abc9d9c18f_55adf03281.webp	["/uploads/pet_grooming_supplies_locker_vending_machine_for_shampoo_towels_care_products_gallery_1_bf32d78a45_8f54e896b8.webp", "/uploads/pet_grooming_supplies_locker_vending_machine_for_shampoo_towels_care_products_gallery_2_28c24bf4f7_a341af214b.webp", "/uploads/pet_grooming_supplies_locker_vending_machine_for_shampoo_towels_care_products_gallery_3_5657705abd_50a90eae37.webp", "/uploads/pet_grooming_supplies_locker_vending_machine_for_shampoo_towels_care_products_gallery_4_d9aae3cda9_a028d758e8.webp", "/uploads/pet_grooming_supplies_locker_vending_machine_for_shampoo_towels_care_products_gallery_5_1c20f0fe8f_635aee3f77.webp", "/uploads/pet_grooming_supplies_locker_vending_machine_for_shampoo_towels_care_products_gallery_6_f0d7a7319f_92be48a6ce.webp", "/uploads/pet_grooming_supplies_locker_vending_machine_for_shampoo_towels_care_products_gallery_7_8f2dedb182_8b75d9cc8d.webp", "/uploads/pet_grooming_supplies_locker_vending_machine_for_shampoo_towels_care_products_gallery_8_463de70deb_23882e5c5d.webp", "/uploads/pet_grooming_supplies_locker_vending_machine_for_shampoo_towels_care_products_gallery_9_6497c4fb5e_e1a72b0726.webp", "/uploads/pet_grooming_supplies_locker_vending_machine_for_shampoo_towels_care_products_gallery_10_67289067c4_843936eab2.webp"]		Pet grooming product vending machine		1 unit	1500 unit / Month	China	45 Days	Pet grooming supplies locker vending machine designed for pet grooming shops. Ideal for selling pet shampoo, conditioner, towels, and bathing accessories with flexible lockers and smart management.	Pet grooming supplies locker vending machine designed for pet grooming shops. Ideal for selling pet shampoo, conditioner, towels, and bathing accessories with flexible lockers and smart management.	["Pet grooming supplies locker vending machine designed for pet grooming shops", "Ideal for selling pet shampoo, conditioner, towels, and bathing accessories with flexible lockers and smart management"]	[["Model NO.", "Pet grooming product vending machine"], ["Minimum order quantity", "1 unit"], ["Supply Ability", "1500 unit / Month"], ["Country of Origin", "China"], ["Stock Time", "45 Days"]]	Micron Vending	https://www.micronvending.com/Pet-Grooming-Supplies-Locker-Vending-Machine.html
pet-vending-stations	self-service-dog-wash-machine-outdoor-pet-washing-vending-machine-solution	/uploads/self_service_dog_wash_machine_outdoor_pet_washing_vending_machine_solution_cover_abc9d9c18f_0dd832155f.webp	["/uploads/self_service_dog_wash_machine_outdoor_pet_washing_vending_machine_solution_gallery_1_bf32d78a45_b572e063a2.webp", "/uploads/self_service_dog_wash_machine_outdoor_pet_washing_vending_machine_solution_gallery_2_28c24bf4f7_08bb7f5323.webp", "/uploads/self_service_dog_wash_machine_outdoor_pet_washing_vending_machine_solution_gallery_3_5657705abd_df1fb9fab5.webp", "/uploads/self_service_dog_wash_machine_outdoor_pet_washing_vending_machine_solution_gallery_4_d9aae3cda9_e6016591ed.webp", "/uploads/self_service_dog_wash_machine_outdoor_pet_washing_vending_machine_solution_gallery_5_1c20f0fe8f_0cc6f49bcd.webp", "/uploads/self_service_dog_wash_machine_outdoor_pet_washing_vending_machine_solution_gallery_6_f0d7a7319f_9804d83cce.webp", "/uploads/self_service_dog_wash_machine_outdoor_pet_washing_vending_machine_solution_gallery_7_8f2dedb182_fa849f334e.webp", "/uploads/self_service_dog_wash_machine_outdoor_pet_washing_vending_machine_solution_gallery_8_463de70deb_02946a22db.webp", "/uploads/self_service_dog_wash_machine_outdoor_pet_washing_vending_machine_solution_gallery_9_6497c4fb5e_0bd3b77dec.webp", "/uploads/self_service_dog_wash_machine_outdoor_pet_washing_vending_machine_solution_gallery_10_67289067c4_4a7bb38ab9.webp"]		Self-Service Dog Wash Machine	DDP,DDU,CIF,FOB,EXW	1 unit	800 unit / Month	China	60 Days	Discover our self service dog wash machine designed for parks, pet stores, and commercial use. A smart, automated solution for convenient pet washing with low maintenance and high efficiency.	Discover our self service dog wash machine designed for parks, pet stores, and commercial use. A smart, automated solution for convenient pet washing with low maintenance and high efficiency.	["Discover our self service dog wash machine designed for parks, pet stores, and commercial use"]	[["Model NO.", "Self-Service Dog Wash Machine"], ["Delivery", "DDP,DDU,CIF,FOB,EXW"], ["Minimum order quantity", "1 unit"], ["Supply Ability", "800 unit / Month"], ["Country of Origin", "China"], ["Stock Time", "60 Days"]]	Micron Vending	https://www.micronvending.com/Self-Service-Dog-Wash-Machine-for-Outdoor-Commercial-Pet-Care-Solutions.html
pet-vending-stations	self-service-dog-wash-machine-with-advertising-screen-commercial-pet-washing-station	/uploads/self_service_dog_wash_machine_with_advertising_screen_commercial_pet_washing_station_cover_abc9d9c18f_56cf232610.webp	["/uploads/self_service_dog_wash_machine_with_advertising_screen_commercial_pet_washing_station_galle_bf32d78a45_50d43b1d3e.webp", "/uploads/self_service_dog_wash_machine_with_advertising_screen_commercial_pet_washing_station_galle_28c24bf4f7_1f0a5356b9.webp", "/uploads/self_service_dog_wash_machine_with_advertising_screen_commercial_pet_washing_station_galle_5657705abd_f91483829e.webp", "/uploads/self_service_dog_wash_machine_with_advertising_screen_commercial_pet_washing_station_galle_d9aae3cda9_ac0806ada9.webp", "/uploads/self_service_dog_wash_machine_with_advertising_screen_commercial_pet_washing_station_galle_1c20f0fe8f_a7f952678f.webp", "/uploads/self_service_dog_wash_machine_with_advertising_screen_commercial_pet_washing_station_galle_f0d7a7319f_1256bff331.webp", "/uploads/self_service_dog_wash_machine_with_advertising_screen_commercial_pet_washing_station_galle_8f2dedb182_7410225b59.webp", "/uploads/self_service_dog_wash_machine_with_advertising_screen_commercial_pet_washing_station_galle_463de70deb_3024535c41.webp", "/uploads/self_service_dog_wash_machine_with_advertising_screen_commercial_pet_washing_station_galle_6497c4fb5e_f509b8ecbc.webp", "/uploads/self_service_dog_wash_machine_with_advertising_screen_commercial_pet_washing_station_galle_67289067c4_4938bc9ca6.webp"]	https://vod.site.joinf.com/5009640932269608/4X4aEn6XCK.mp4	Dog Wash Machine		1 unit	800 unit / Month	China	60 Days	Commercial self service dog wash machine designed for pet shops, malls, and grooming businesses. Features touch screen operation, advertising display, stainless steel body, multiple liquid tanks, adjustable hot water, and smart backend system. Ideal for generating stable pet service revenue.	Commercial self service dog wash machine designed for pet shops, malls, and grooming businesses. Features touch screen operation, advertising display, stainless steel body, multiple liquid tanks, adjustable hot water, and smart backend system. Ideal for generating stable pet service revenue.	["Commercial self service dog wash machine designed for pet shops, malls, and grooming businesses", "Features touch screen operation, advertising display, stainless steel body, multiple liquid tanks, adjustable hot water, and smart backend system"]	[["Model NO.", "Dog Wash Machine"], ["Minimum order quantity", "1 unit"], ["Supply Ability", "800 unit / Month"], ["Country of Origin", "China"], ["Stock Time", "60 Days"]]	Micron Vending	https://www.micronvending.com/self-service-dog-wash-machine-for-pet-businesses-with-304-stainless-steel.html
